<?xml version="1.0" encoding="UTF-8"?>
<project-private xmlns="http://www.netbeans.org/ns/project-private/1">
    <editor-bookmarks xmlns="http://www.netbeans.org/ns/editor-bookmarks/2" lastBookmarkId="0"/>
    <open-files xmlns="http://www.netbeans.org/ns/projectui-open-files/2">
        <group>
            <file>file:/Users/jmapsimoes/Documents/ISPGaya/JavaProjects/TestaFalar1/src/testafalar1/TestaFalar1.java</file>
            <file>file:/Users/jmapsimoes/Documents/ISPGaya/JavaProjects/TestaFalar1/src/testafalar1/Professor.java</file>
            <file>file:/Users/jmapsimoes/Documents/ISPGaya/JavaProjects/TestaFalar1/src/testafalar1/Aluno.java</file>
            <file>file:/Users/jmapsimoes/Documents/ISPGaya/JavaProjects/TestaFalar1/src/testafalar1/Pessoa.java</file>
        </group>
    </open-files>
</project-private>
